{
  "accuracy": 0.6949596774193548,
  "precision_macro": 0.6283557589317194,
  "recall_macro": 0.700890992097285,
  "f1_macro": 0.6554159335420987,
  "f1_weighted": 0.6978909409513686
}